{
  "accuracy": [
    0.3488888740539551,
    0.476666659116745,
    0.5405555367469788,
    0.5822222232818604,
    0.6272222399711609,
    0.42055556178092957,
    0.4444444477558136,
    0.5144444704055786,
    0.5211111307144165
  ],
  "loss": [
    1.8251614570617676,
    1.3424104452133179,
    1.17513906955719,
    1.0450735092163086,
    0.9412857890129089,
    1.3678462505340576,
    1.222808599472046,
    1.1107003688812256,
    1.0663957595825195
  ],
  "val_accuracy": [
    0.39666667580604553,
    0.4333333373069763,
    0.48500001430511475,
    0.4816666543483734,
    0.4699999988079071,
    0.3383333384990692,
    0.2966666519641876,
    0.273333340883255,
    0.4466666579246521
  ],
  "val_loss": [
    1.4373365640640259,
    1.2747275829315186,
    1.2359646558761597,
    1.2511695623397827,
    1.2859234809875488,
    1.5517758131027222,
    2.625343084335327,
    2.2251579761505127,
    1.265264868736267
  ]
}