{
  "accuracy": [
    0.44648438692092896,
    0.5190104246139526,
    0.5511718988418579,
    0.5709635615348816,
    0.5933593511581421,
    0.6041666865348816,
    0.6167968511581421,
    0.6236979365348816,
    0.625,
    0.6466146111488342,
    0.646484375,
    0.6526041626930237,
    0.6714843511581421,
    0.7200520634651184,
    0.7515624761581421,
    0.766406238079071,
    0.78515625,
    0.7911458611488342,
    0.8148437738418579,
    0.8138020634651184,
    0.8166666626930237,
    0.8184896111488342,
    0.8285156488418579,
    0.8298177123069763
  ],
  "loss": [
    1.3948217630386353,
    1.084259033203125,
    0.9807559847831726,
    0.9174906015396118,
    0.8997939825057983,
    0.8638023734092712,
    0.8504046201705933,
    0.8377190828323364,
    0.8306265473365784,
    0.7901296019554138,
    0.793232262134552,
    0.7769365310668945,
    0.7140833139419556,
    0.6170670986175537,
    0.5544387698173523,
    0.5232429504394531,
    0.4890574514865875,
    0.47775328159332275,
    0.4406580626964569,
    0.4316018223762512,
    0.427406370639801,
    0.41351038217544556,
    0.41324883699417114,
    0.39787253737449646
  ],
  "val_accuracy": [
    0.561718761920929,
    0.591796875,
    0.587109386920929,
    0.610546886920929,
    0.6136718988418579,
    0.619140625,
    0.630859375,
    0.624218761920929,
    0.6207031011581421,
    0.6371093988418579,
    0.6390625238418579,
    0.6292968988418579,
    0.628125011920929,
    0.5804687738418579,
    0.688281238079071,
    0.7574218511581421,
    0.756640613079071,
    0.657421886920929,
    0.8148437738418579,
    0.790234386920929,
    0.8003906011581421,
    0.811718761920929,
    0.807812511920929,
    0.8003906011581421
  ],
  "val_loss": [
    0.9618477821350098,
    0.9262571334838867,
    0.9625665545463562,
    0.9040311574935913,
    0.9010730981826782,
    0.8845483064651489,
    0.854350745677948,
    0.8673686981201172,
    0.8853866457939148,
    0.8575628399848938,
    0.8494470715522766,
    0.8818157315254211,
    0.8103584051132202,
    1.1794979572296143,
    0.7406108975410461,
    0.5215649604797363,
    0.5853236317634583,
    0.9397103190422058,
    0.4282647967338562,
    0.48489928245544434,
    0.46197691559791565,
    0.43737053871154785,
    0.4256312847137451,
    0.44850248098373413
  ],
  "learning_rate": [
    0.000699999975040555,
    0.000699999975040555,
    0.000699999975040555,
    0.000699999975040555,
    0.000699999975040555,
    0.000699999975040555,
    0.000699999975040555,
    0.000699999975040555,
    0.000699999975040555,
    0.00024500000290572643,
    0.00024500000290572643,
    0.00024500000290572643,
    1.9999999494757503e-05,
    1.9999999494757503e-05,
    1.9999999494757503e-05,
    1.9999999494757503e-05,
    1.9999999494757503e-05,
    1.9999999494757503e-05,
    6.999999641266186e-06,
    6.999999641266186e-06,
    6.999999641266186e-06,
    2.449999783493695e-06,
    2.449999783493695e-06,
    2.449999783493695e-06
  ]
}