epoch,accuracy,loss,val_accuracy,val_loss
0,0.3488888740539551,1.8251614570617676,0.39666667580604553,1.4373365640640259
1,0.476666659116745,1.3424104452133179,0.4333333373069763,1.2747275829315186
2,0.5405555367469788,1.17513906955719,0.48500001430511475,1.2359646558761597
3,0.5822222232818604,1.0450735092163086,0.4816666543483734,1.2511695623397827
4,0.6272222399711609,0.9412857890129089,0.4699999988079071,1.2859234809875488
5,0.42055556178092957,1.3678462505340576,0.3383333384990692,1.5517758131027222
6,0.4444444477558136,1.222808599472046,0.2966666519641876,2.625343084335327
7,0.5144444704055786,1.1107003688812256,0.273333340883255,2.2251579761505127
8,0.5211111307144165,1.0663957595825195,0.4466666579246521,1.265264868736267
