{
  "accuracy": 0.8171875,
  "precision": 0.8213033483133744,
  "recall": 0.8171875,
  "f1": 0.8159971968491944,
  "labels": [
    "angry",
    "happy",
    "neutral",
    "sad"
  ]
}