{
  "accuracy": 0.6120833333333333,
  "precision": 0.6251977359063516,
  "recall": 0.6120833333333333,
  "f1": 0.6037007208546681,
  "labels": [
    "angry",
    "happy",
    "neutral",
    "sad"
  ]
}