{
  "accuracy": 0.3385416666666667,
  "precision": 0.20932112068965517,
  "recall": 0.3385416666666667,
  "f1": 0.2547912427325581,
  "labels": [
    "calm",
    "happy",
    "neutral",
    "sad",
    "stressed"
  ]
}