{
  "accuracy": 0.43833333333333335,
  "precision": 0.4800302744475137,
  "recall": 0.43833333333333335,
  "f1": 0.4150889962671725,
  "labels": [
    "calm",
    "neutral",
    "stressed"
  ]
}