{
  "accuracy": 0.7253756260434057,
  "precision": 0.7253913305237808,
  "recall": 0.7253756260434057,
  "f1": 0.7253708422433717,
  "labels": [
    "not_stressed",
    "stressed"
  ]
}